"Symbol","Name","LastSale","MarketCap","IPOyear","Sector","industry","Summary Quote"
"AA^","Alcoa Inc.","89.9","n/a","n/a","Capital Goods","Metal Fabrications","http://www.nasdaq.com/symbol/aa^"
"AAMC","Altisource Asset Management Corp","203.36","$445.33M","n/a","Finance","Real Estate","http://www.nasdaq.com/symbol/aamc"
"AAU","Almaden Minerals, Ltd.","1.05","$76.81M","n/a","Basic Industries","Precious Metals","http://www.nasdaq.com/symbol/aau"
"ACU","Acme United Corporation.","18.81","$61.87M","1988","Capital Goods","Industrial Machinery/Components","http://www.nasdaq.com/symbol/acu"
"ACY","AeroCentury Corp.","12.188","$18.81M","n/a","Technology","Diversified Commercial Services","http://www.nasdaq.com/symbol/acy"
"ADGE","American DG Energy Inc.","0.45","$23.61M","n/a","Energy","Electric Utilities: Central","http://www.nasdaq.com/symbol/adge"
"ADK","Adcare Health Systems Inc","4.3206","$83.05M","n/a","Health Care","Hospital/Nursing Management","http://www.nasdaq.com/symbol/adk"
"ADK^A","Adcare Health Systems Inc","28.9273","n/a","n/a","n/a","n/a","http://www.nasdaq.com/symbol/adk^a"
"AE","Adams Resources & Energy, Inc.","67.99","$286.75M","n/a","Energy","Oil Refining/Marketing","http://www.nasdaq.com/symbol/ae"
"AIII","ACRE Realty Investors, Inc.","1.65","$29.4M","n/a","Consumer Services","Real Estate Investment Trusts","http://www.nasdaq.com/symbol/aiii"
"AINC","Ashford Inc.","121.8","$243.6M","2014","Consumer Services","Professional Services","http://www.nasdaq.com/symbol/ainc"
"AIRI","Air Industries Group","9.99","$70.93M","n/a","Capital Goods","Military/Government/Technical","http://www.nasdaq.com/symbol/airi"
"AKG","Asanko Gold Inc.","1.43","$281.49M","n/a","Basic Industries","Mining & Quarrying of Nonmetallic Minerals (No Fuels)","http://www.nasdaq.com/symbol/akg"
"ALN","American Lorain Corporation","1.36","$47.49M","n/a","Consumer Non-Durables","Packaged Foods","http://www.nasdaq.com/symbol/aln"
"ALTV","Alteva (D/B/A)","7.45","$44.52M","n/a","Public Utilities","Telecommunications Equipment","http://www.nasdaq.com/symbol/altv"
"AMCO","Armco Metals Holdings, Inc.","1.3","$7.28M","n/a","Consumer Durables","Steel/Iron Ore","http://www.nasdaq.com/symbol/amco"
"AMPE","Ampio Pharmaceuticals, Inc.","5.86","$304.56M","n/a","Health Care","Major Pharmaceuticals","http://www.nasdaq.com/symbol/ampe"
"AMS","American Shared Hospital Services","2.42","$12.97M","n/a","Health Care","Medical Specialities","http://www.nasdaq.com/symbol/ams"
"AMZG","American Eagle Energy Corporation.","0.1996","$6.08M","n/a","Basic Industries","Precious Metals","http://www.nasdaq.com/symbol/amzg"
"ANV","Allied Nevada Gold Corp.","0.8676","$109.3M","n/a","Basic Industries","Precious Metals","http://www.nasdaq.com/symbol/anv"
"API","Advanced Photonix, Inc.","0.405","$15.14M","n/a","Technology","Semiconductors","http://www.nasdaq.com/symbol/api"
"APP","American Apparel Inc","0.8451","$147.71M","n/a","Finance","Business Services","http://www.nasdaq.com/symbol/app"
"APT","Alpha Pro Tech, Ltd.","2.85","$52.15M","n/a","Health Care","Industrial Specialties","http://www.nasdaq.com/symbol/apt"
"APTS","Preferred Apartment Communities, Inc.","10.25","$203.62M","2011","Consumer Services","Real Estate Investment Trusts","http://www.nasdaq.com/symbol/apts"
"ASB/WS","Associated Banc-Corp","2.5","n/a","n/a","n/a","n/a","http://www.nasdaq.com/symbol/asb/ws"
"ASM","Avino Silver","1.43","$50.82M","n/a","Basic Industries","Precious Metals","http://www.nasdaq.com/symbol/asm"
"AST","Asterias Biotherapeutics, Inc.","4.85","$149.88M","n/a","Health Care","Biotechnology: Biological Products (No Diagnostic Substances)","http://www.nasdaq.com/symbol/ast"
"ATL","Atlatsa Resources Corporation","0.1663","$92.18M","n/a","Basic Industries","Precious Metals","http://www.nasdaq.com/symbol/atl"
"ATNM","Actinium Pharmaceuticals, Inc.","3.04","$107.48M","n/a","Health Care","Major Pharmaceuticals","http://www.nasdaq.com/symbol/atnm"
"AUMN","Golden Minerals Company","0.4666","$24.74M","n/a","Basic Industries","Precious Metals","http://www.nasdaq.com/symbol/aumn"
"AVL","Avalon Rare Metals, Inc.","0.2895","$40.75M","n/a","Basic Industries","Precious Metals","http://www.nasdaq.com/symbol/avl"
"AWX","Avalon Holdings Corporation","3.1","$11.79M","n/a","Public Utilities","Environmental Services","http://www.nasdaq.com/symbol/awx"
"AXN","Aoxing Pharmaceutical Company, Inc.","1.12","$76.13M","n/a","Health Care","Major Pharmaceuticals","http://www.nasdaq.com/symbol/axn"
"AXU","Alexco Resource Corp","0.4099","$28.52M","n/a","Basic Industries","Precious Metals","http://www.nasdaq.com/symbol/axu"
"AXX","Alderon Iron Ore Corp.","0.23","$30.39M","n/a","Basic Industries","Precious Metals","http://www.nasdaq.com/symbol/axx"
"BAA","BANRO CORPORATION","0.22","$55.46M","n/a","Basic Industries","Precious Metals","http://www.nasdaq.com/symbol/baa"
"BCV","Bancroft Fund Limited","20.79","$108.99M","n/a","n/a","n/a","http://www.nasdaq.com/symbol/bcv"
"BDL","Flanigan&#39;s Enterprises, Inc.","33.74","$62.71M","n/a","Consumer Services","Restaurants","http://www.nasdaq.com/symbol/bdl"
"BDR","Blonder Tongue Laboratories, Inc.","1.77","$11.03M","n/a","Technology","Radio And Television Broadcasting And Communications Equipment","http://www.nasdaq.com/symbol/bdr"
"BFY","BlackRock New York Municipal Income Trust II","14.6999","$73.48M","2002","n/a","n/a","http://www.nasdaq.com/symbol/bfy"
"BGI","Birks Group Inc.","1.16","$20.8M","n/a","n/a","n/a","http://www.nasdaq.com/symbol/bgi"
"BGSF","BG Staffing Inc","12.71","$83.86M","n/a","Technology","Professional Services","http://www.nasdaq.com/symbol/bgsf"
"BHB","Bar Harbor Bankshares, Inc.","32.85","$195.09M","n/a","Finance","Major Banks","http://www.nasdaq.com/symbol/bhb"
"BHV","BlackRock Virginia Municipal Bond Trust","16.99","$27.03M","2002","n/a","n/a","http://www.nasdaq.com/symbol/bhv"
"BIR^A","Berkshire Income Realty, Inc.","28.001","n/a","n/a","n/a","n/a","http://www.nasdaq.com/symbol/bir^a"
"BKJ","Bancorp of New Jersey, Inc","11.51","$61.8M","n/a","Finance","Major Banks","http://www.nasdaq.com/symbol/bkj"
"BLE","BlackRock Municipal Income Trust II","15.63","$366.57M","2002","n/a","n/a","http://www.nasdaq.com/symbol/ble"
"BLJ","Blackrock New Jersey Municipal Bond Trust","16.2","$37.66M","2002","n/a","n/a","http://www.nasdaq.com/symbol/blj"
"BONE","Bacterin International Holdings, Inc.","3.68","$24.56M","n/a","Health Care","Biotechnology: Biological Products (No Diagnostic Substances)","http://www.nasdaq.com/symbol/bone"
"BPS","BlackRock Pennsylvania Strategic Municipal Trust (The)","13.32","$27.07M","1999","n/a","n/a","http://www.nasdaq.com/symbol/bps"
"BRG","Bluerock Residential Growth REIT, Inc.","13.33","$161.71M","2014","Consumer Services","Real Estate Investment Trusts","http://www.nasdaq.com/symbol/brg"
"BRN","Barnwell Industries, Inc.","2.43","$20.11M","n/a","Energy","Oil & Gas Production","http://www.nasdaq.com/symbol/brn"
"BTG","B2Gold Corp","1.68","$1.55B","n/a","Basic Industries","Precious Metals","http://www.nasdaq.com/symbol/btg"
"BTI","British American Tobacco p.l.c.","118.25","$110.22B","n/a","Consumer Non-Durables","Farming/Seeds/Milling","http://www.nasdaq.com/symbol/bti"
"BTN","Ballantyne Strong, Inc","4.82","$69.51M","n/a","Miscellaneous","Industrial Machinery/Components","http://www.nasdaq.com/symbol/btn"
"BTX","BioTime, Inc.","4.29","$356.71M","n/a","Health Care","Biotechnology: Biological Products (No Diagnostic Substances)","http://www.nasdaq.com/symbol/btx"
"BTX/WS","BioTime, Inc.","1.3412","n/a","n/a","n/a","n/a","http://www.nasdaq.com/symbol/btx/ws"
"BVX","Bovie Medical Corporation","3.416","$61.51M","n/a","Health Care","Medical/Dental Instruments","http://www.nasdaq.com/symbol/bvx"
"BWL/A","Bowl America, Inc.","14.9599","n/a","n/a","Consumer Services","Services-Misc. Amusement & Recreation","http://www.nasdaq.com/symbol/bwl/a"
"BZC","Breeze-Eastern Corporation","10.15","$99.63M","n/a","Capital Goods","Military/Government/Technical","http://www.nasdaq.com/symbol/bzc"
"BZM","BlackRock Maryland Municipal Bond Trust","15.18","$31.49M","2002","n/a","n/a","http://www.nasdaq.com/symbol/bzm"
"CAK","CAMAC Energy Inc.","0.46","$583.18M","n/a","Energy","Oil & Gas Production","http://www.nasdaq.com/symbol/cak"
"CANF","Can-Fite Biopharma Ltd","4.47","$39.61M","n/a","Health Care","Major Pharmaceuticals","http://www.nasdaq.com/symbol/canf"
"CAW","CCA Industries, Inc.","3.2361","$22.67M","n/a","Consumer Non-Durables","Package Goods/Cosmetics","http://www.nasdaq.com/symbol/caw"
"CCA","MFS California Insured Municipal Trust","11.37","$31.68M","1999","n/a","n/a","http://www.nasdaq.com/symbol/cca"
"CCF","Chase Corporation","41.61","$379.88M","n/a","Consumer Durables","Building Products","http://www.nasdaq.com/symbol/ccf"
"CEF","Central Fund of Canada Limited","12.07","$3.07B","n/a","n/a","n/a","http://www.nasdaq.com/symbol/cef"
"CET","Central Securities Corporation","22.28","$552.97M","n/a","n/a","n/a","http://www.nasdaq.com/symbol/cet"
"CEV","Eaton Vance California Municipal Income Trust","13.73","$99.61M","1999","n/a","n/a","http://www.nasdaq.com/symbol/cev"
"CFD","Nuveen Diversified Commodity Fund","12.37","$113.27M","2010","n/a","n/a","http://www.nasdaq.com/symbol/cfd"
"CFP","Cornerstone Progressive Return Fund","16.52","$273.66M","n/a","n/a","n/a","http://www.nasdaq.com/symbol/cfp"
"CH","Aberdeen Chile Fund, Inc.","7.72","$72.46M","n/a","n/a","n/a","http://www.nasdaq.com/symbol/ch"
"CIK","Credit Suisse Asset Management Income Fund, Inc.","3.27","$170.83M","n/a","n/a","n/a","http://www.nasdaq.com/symbol/cik"
"CIX","CompX International Inc.","10.95","$135.82M","1998","Capital Goods","Industrial Machinery/Components","http://www.nasdaq.com/symbol/cix"
"CKX","CKX Lands, Inc.","15.01","$29.16M","n/a","Energy","Oil & Gas Production","http://www.nasdaq.com/symbol/ckx"
"CLM","Cornerstone Strategic Value Fund, Inc.","22.05","$180.69M","1987","n/a","n/a","http://www.nasdaq.com/symbol/clm"
"CMT","Core Molding Technologies Inc","14.115","$108.27M","n/a","Consumer Non-Durables","Plastic Products","http://www.nasdaq.com/symbol/cmt"
"CNR","China Metro-Rural Holdings Limited","0.8507","$62.56M","n/a","Finance","Real Estate","http://www.nasdaq.com/symbol/cnr"
"COVR","Cover-All Technologies Inc.","1.1","$29.3M","n/a","Technology","Computer Software: Prepackaged Software","http://www.nasdaq.com/symbol/covr"
"CPHI","China Pharma Holdings, Inc.","0.41","$17.87M","n/a","Health Care","Major Pharmaceuticals","http://www.nasdaq.com/symbol/cphi"
"CQH","Cheniere Energy Partners LP Holdings, LLC","23.03","$5.34B","2013","Public Utilities","Oil/Gas Transmission","http://www.nasdaq.com/symbol/cqh"
"CQP","Cheniere Energy Partners, LP","30.51","$10.31B","2007","Public Utilities","Oil/Gas Transmission","http://www.nasdaq.com/symbol/cqp"
"CRF","Cornerstone Strategic Return Fund, Inc. (The)","23.13","$103.55M","n/a","n/a","n/a","http://www.nasdaq.com/symbol/crf"
"CRMD","CorMedix Inc","7.76","$173.69M","n/a","Health Care","Major Pharmaceuticals","http://www.nasdaq.com/symbol/crmd"
"CRMD/WS","CorMedix Inc","3.9","n/a","n/a","n/a","n/a","http://www.nasdaq.com/symbol/crmd/ws"
"CRV","Coast Distribution System, Inc. (The)","3.53","$18.76M","n/a","Capital Goods","Automotive Aftermarket","http://www.nasdaq.com/symbol/crv"
"CRVP","Crystal Rock Holdings, Inc.","0.735","$15.7M","n/a","Consumer Non-Durables","Food Distributors","http://www.nasdaq.com/symbol/crvp"
"CTF","Nuveen Long/Short Commodity Total Return Fund","16.63","$278.4M","n/a","n/a","n/a","http://www.nasdaq.com/symbol/ctf"
"CTO","Consolidated-Tomoka Land Co.","54.04","$317.06M","n/a","Finance","Real Estate","http://www.nasdaq.com/symbol/cto"
"CTP","CTPartners Executive Search Inc.","6.3","$45.74M","2010","Technology","Diversified Commercial Services","http://www.nasdaq.com/symbol/ctp"
"CUO","Continental Materials Corporation","15.66","$25.84M","n/a","Capital Goods","Building Materials","http://www.nasdaq.com/symbol/cuo"
"CUR","Neuralstem, Inc.","3.77","$329.35M","n/a","Health Care","Biotechnology: Biological Products (No Diagnostic Substances)","http://www.nasdaq.com/symbol/cur"
"CVM","Cel-Sci Corporation","1.14","$104.36M","n/a","Health Care","Biotechnology: Biological Products (No Diagnostic Substances)","http://www.nasdaq.com/symbol/cvm"
"CVM/WS","Cel-Sci Corporation","0.34","n/a","n/a","n/a","n/a","http://www.nasdaq.com/symbol/cvm/ws"
"CVR","Chicago Rivet & Machine Co.","34.54","$33.37M","n/a","Technology","Industrial Machinery/Components","http://www.nasdaq.com/symbol/cvr"
"CVSL","CVSL Inc.","2.53","$61.73M","2014","Consumer Services","Other Consumer Services","http://www.nasdaq.com/symbol/cvsl"
"CVU","CPI Aerostructures, Inc.","12.1","$102.65M","n/a","Capital Goods","Military/Government/Technical","http://www.nasdaq.com/symbol/cvu"
"DAKP","Dakota Plains Holdings, Inc.","2.11","$115.87M","n/a","Energy","Oil Refining/Marketing","http://www.nasdaq.com/symbol/dakp"
"DEJ","Dejour Energy Inc.","0.1661","$30.3M","n/a","Energy","Oil & Gas Production","http://www.nasdaq.com/symbol/dej"
"DGSE","DGSE Companies, Inc.","1.5","$18.34M","n/a","Consumer Services","Consumer Specialties","http://www.nasdaq.com/symbol/dgse"
"DHY","Credit Suisse High Yield Bond Fund","2.86","$284.62M","1998","n/a","n/a","http://www.nasdaq.com/symbol/dhy"
"DIT","AMCON Distributing Company","81.97","$50.48M","n/a","Consumer Non-Durables","Food Distributors","http://www.nasdaq.com/symbol/dit"
"DLA","Delta Apparel, Inc.","8.75","$69.05M","n/a","Consumer Non-Durables","Apparel","http://www.nasdaq.com/symbol/dla"
"DMF","Dreyfus Municipal Income, Inc.","9.79","$202.8M","1988","n/a","n/a","http://www.nasdaq.com/symbol/dmf"
"DNN","Denison Mine Corp","0.88","$445.67M","n/a","Basic Industries","Precious Metals","http://www.nasdaq.com/symbol/dnn"
"DPW","Digital Power Corporation","1","$6.77M","n/a","Capital Goods","Industrial Machinery/Components","http://www.nasdaq.com/symbol/dpw"
"DSS","Document Security Systems, Inc.","0.4069","$17.18M","n/a","Technology","EDP Services","http://www.nasdaq.com/symbol/dss"
"DXR","Daxor Corporation","6.97","$27.82M","n/a","Health Care","Medical/Dental Instruments","http://www.nasdaq.com/symbol/dxr"
"EAD","Wells Fargo Advantage Income Opportunities Fund","9.07","$643.82M","2003","n/a","n/a","http://www.nasdaq.com/symbol/ead"
"ECF","Ellsworth Growth and Income Fund Ltd.","8.79","$115.51M","1986","n/a","n/a","http://www.nasdaq.com/symbol/ecf"
"EGAS","Gas Natural Inc.","10","$104.88M","n/a","Public Utilities","Oil/Gas Transmission","http://www.nasdaq.com/symbol/egas"
"EGI","Entree Gold Inc","0.1696","$24.93M","n/a","Basic Industries","Precious Metals","http://www.nasdaq.com/symbol/egi"
"EIA","Eaton Vance California Municipal Bond Fund II","13.13","$51.01M","2002","n/a","n/a","http://www.nasdaq.com/symbol/eia"
"EIM","Eaton Vance Municipal Bond Fund","12.85","$875.96M","2002","n/a","n/a","http://www.nasdaq.com/symbol/eim"
"EIO","Eaton Vance Ohio Municipal Bond Fund","13.2391","$33.59M","2002","n/a","n/a","http://www.nasdaq.com/symbol/eio"
"EIP","Eaton Vance Pennsylvania Municipal Bond Fund","13.15","$38.92M","2002","n/a","n/a","http://www.nasdaq.com/symbol/eip"
"EIV","Eaton Vance Municipal Bond Fund II","12.88","$128.97M","2002","n/a","n/a","http://www.nasdaq.com/symbol/eiv"
"ELLO","Ellomay Capital Ltd.","9.16","$98.01M","n/a","Public Utilities","Electric Utilities: Central","http://www.nasdaq.com/symbol/ello"
"ELMD","Electromed, Inc.","2.33","$18.95M","2011","Health Care","Biotechnology: Electromedical & Electrotherapeutic Apparatus","http://www.nasdaq.com/symbol/elmd"
"EMAN","eMagin Corporation","3.28","$82.08M","n/a","Technology","Semiconductors","http://www.nasdaq.com/symbol/eman"
"EMI","Eaton Vance Michigan Municipal Income Trust","12.97","$27.02M","1999","n/a","n/a","http://www.nasdaq.com/symbol/emi"
"EMJ","Eaton Vance New Jersey Municipal Bond Fund","12.99","$33.89M","2002","n/a","n/a","http://www.nasdaq.com/symbol/emj"
"EMXX","Eurasian Minerals Inc.","0.7499","$55.06M","n/a","Basic Industries","Precious Metals","http://www.nasdaq.com/symbol/emxx"
"ENRJ","EnerJex Resources, Inc.","2.51","$19.18M","n/a","Energy","Oil & Gas Production","http://www.nasdaq.com/symbol/enrj"
"ENRJ^","EnerJex Resources, Inc.","19.44","n/a","n/a","n/a","n/a","http://www.nasdaq.com/symbol/enrj^"
"ENSV","ENSERVCO Corporation","2.05","$75.97M","n/a","Energy","Oilfield Services/Equipment","http://www.nasdaq.com/symbol/ensv"
"ENX","Eaton Vance New York Municipal Bond Fund","12.82","$201.04M","2002","n/a","n/a","http://www.nasdaq.com/symbol/enx"
"EOX","Emerald Oil, Inc.","1.16","$121.49M","n/a","Energy","Oil & Gas Production","http://www.nasdaq.com/symbol/eox"
"EPM","Evolution Petroleum Corporation, Inc.","6.57","$215.89M","n/a","Energy","Oil & Gas Production","http://www.nasdaq.com/symbol/epm"
"EPM^A","Evolution Petroleum Corporation, Inc.","25.67","n/a","n/a","n/a","n/a","http://www.nasdaq.com/symbol/epm^a"
"ERB","ERBA Diagnostics, Inc.","3.4099","$150.06M","n/a","Health Care","Major Pharmaceuticals","http://www.nasdaq.com/symbol/erb"
"ERC","Wells Fargo Advantage Multi-Sector Income Fund","13.7","$576.15M","2003","n/a","n/a","http://www.nasdaq.com/symbol/erc"
"ERH","Wells Fargo Advantage Utilities and High Income Fund","13.75","$126.93M","2004","n/a","n/a","http://www.nasdaq.com/symbol/erh"
"ESP","Espey Mfg. & Electronics Corp.","28.97","$68.32M","n/a","Capital Goods","Industrial Machinery/Components","http://www.nasdaq.com/symbol/esp"
"ESTE","Earthstone Energy, Inc.","27.25","$376.57M","n/a","Energy","Oil & Gas Production","http://www.nasdaq.com/symbol/este"
"ETAK","Elephant Talk Communications Corp.","0.59","$89.53M","n/a","Public Utilities","Telecommunications Equipment","http://www.nasdaq.com/symbol/etak"
"ETF","Aberdeen Emerging Markets Smaller Company Opportunities Fund I","13","$126.94M","1992","n/a","n/a","http://www.nasdaq.com/symbol/etf"
"EVBN","Evans Bancorp, Inc.","23.8101","$99.76M","n/a","Finance","Major Banks","http://www.nasdaq.com/symbol/evbn"
"EVI","EnviroStarm, Inc.","2.38","$16.74M","n/a","Consumer Services","Other Consumer Services","http://www.nasdaq.com/symbol/evi"
"EVJ","Eaton Vance New Jersey Municipal Income Trust","12.59","$58.74M","1999","n/a","n/a","http://www.nasdaq.com/symbol/evj"
"EVM","Eaton Vance California Municipal Bond Fund","12.2","$261.06M","2002","n/a","n/a","http://www.nasdaq.com/symbol/evm"
"EVO","Eaton Vance Ohio Municipal Income Trust","14.1265","$40.36M","1999","n/a","n/a","http://www.nasdaq.com/symbol/evo"
"EVP","Eaton Vance Pennsylvania Municipal Income Trust","12.36","$33.35M","1999","n/a","n/a","http://www.nasdaq.com/symbol/evp"
"EVV","Eaton Vance Limited Duration Income Fund","14.42","$1.7B","2003","n/a","n/a","http://www.nasdaq.com/symbol/evv"
"EVY","Eaton Vance New York Municipal Income Trust","13.756","$75.32M","1999","n/a","n/a","http://www.nasdaq.com/symbol/evy"
"FAX","Aberdeen Asia-Pacific Income Fund Inc","5.53","$1.48B","1986","n/a","n/a","http://www.nasdaq.com/symbol/fax"
"FCO","Aberdeen Global Income Fund, Inc.","9.4659","$87.04M","1992","n/a","n/a","http://www.nasdaq.com/symbol/fco"
"FEN","First Trust Energy Income and Growth Fund","35.92","$695.24M","2004","n/a","n/a","http://www.nasdaq.com/symbol/fen"
"FPI","Farmland Partners Inc.","11.14","$86.13M","2014","Consumer Services","Real Estate Investment Trusts","http://www.nasdaq.com/symbol/fpi"
"FPP","FieldPoint Petroleum Corporation","1.64","$13.33M","n/a","Energy","Oil & Gas Production","http://www.nasdaq.com/symbol/fpp"
"FPP/WS","FieldPoint Petroleum Corporation","0.21","n/a","n/a","n/a","n/a","http://www.nasdaq.com/symbol/fpp/ws"
"FRD","Friedman Industries Inc.","6.4475","$43.84M","n/a","Capital Goods","Steel/Iron Ore","http://www.nasdaq.com/symbol/frd"
"FRS","Frisch&#39;s Restaurants, Inc.","28.27","$144.68M","n/a","Consumer Services","Restaurants","http://www.nasdaq.com/symbol/frs"
"FSI","Flexible Solutions International Inc.","1.16","$15.28M","n/a","Basic Industries","Major Chemicals","http://www.nasdaq.com/symbol/fsi"
"FSP","Franklin Street Properties Corp.","12.67","$1.27B","n/a","Consumer Services","Real Estate Investment Trusts","http://www.nasdaq.com/symbol/fsp"
"FTF","Franklin Limited Duration Income Trust","12.3","$330.08M","2003","n/a","n/a","http://www.nasdaq.com/symbol/ftf"
"FWV","First West Virginia Bancorp, Inc.","22.44","$38.79M","n/a","Finance","Major Banks","http://www.nasdaq.com/symbol/fwv"
"GBR","New Concept Energy, Inc","1.45","$2.82M","n/a","Energy","Oil & Gas Production","http://www.nasdaq.com/symbol/gbr"
"GGN","GAMCO Global Gold, Natural Reources & Income Trust ","7.5","$807.69M","2005","n/a","n/a","http://www.nasdaq.com/symbol/ggn"
"GGN^B","GAMCO Global Gold, Natural Reources & Income Trust ","22.73","n/a","n/a","n/a","n/a","http://www.nasdaq.com/symbol/ggn^b"
"GIG","GigOptix, Inc.","1.32","$43.38M","n/a","Technology","Semiconductors","http://www.nasdaq.com/symbol/gig"
"GLO","Clough Global Opportunities Fund","12.7","$657.06M","2006","n/a","n/a","http://www.nasdaq.com/symbol/glo"
"GLOW","Glowpoint, Inc.","0.95","$34.01M","n/a","Public Utilities","Telecommunications Equipment","http://www.nasdaq.com/symbol/glow"
"GLQ","Clough Global Equity Fund","15.22","$271.54M","2005","n/a","n/a","http://www.nasdaq.com/symbol/glq"
"GLU","The Gabelli Global Utility and Income Trust","19.11","$78.57M","2004","n/a","n/a","http://www.nasdaq.com/symbol/glu"
"GLU^A","The Gabelli Global Utility and Income Trust","50.45","n/a","n/a","n/a","n/a","http://www.nasdaq.com/symbol/glu^a"
"GLV","Clough Global Allocation Fund","15.34","$160.07M","2004","n/a","n/a","http://www.nasdaq.com/symbol/glv"
"GMO","General Moly, Inc","0.43","$39.11M","n/a","Basic Industries","Precious Metals","http://www.nasdaq.com/symbol/gmo"
"GORO","Gold Resource Corporation","3.32","$179.88M","n/a","Basic Industries","Precious Metals","http://www.nasdaq.com/symbol/goro"
"GPL","Great Panther Silver Limited","0.6","$83.74M","n/a","Basic Industries","Precious Metals","http://www.nasdaq.com/symbol/gpl"
"GRC","Gorman-Rupp Company (The)","28.51","$748.69M","n/a","Capital Goods","Fluid Controls","http://www.nasdaq.com/symbol/grc"
"GRF","Eagle Capital Growth Fund, Inc.","7.92","$24.75M","n/a","n/a","n/a","http://www.nasdaq.com/symbol/grf"
"GRH","GreenHunter Resources, Inc.","0.71","$25.19M","n/a","Basic Industries","Major Chemicals","http://www.nasdaq.com/symbol/grh"
"GRH^C","GreenHunter Resources, Inc.","20.34","n/a","n/a","n/a","n/a","http://www.nasdaq.com/symbol/grh^c"
"GSAT","Globalstar, Inc.","2.73","$2.74B","2006","Consumer Services","Telecommunications Equipment","http://www.nasdaq.com/symbol/gsat"
"GSB","GlobalSCAPE, Inc.","3.22","$67.52M","n/a","Technology","Computer Software: Prepackaged Software","http://www.nasdaq.com/symbol/gsb"
"GSS","Golden Star Resources, Ltd","0.316","$82M","n/a","Basic Industries","Precious Metals","http://www.nasdaq.com/symbol/gss"
"GST","Gastar Exploration Inc.","2.89","$227.91M","n/a","Energy","Oil & Gas Production","http://www.nasdaq.com/symbol/gst"
"GST^A","Gastar Exploration Inc.","21.64","n/a","n/a","n/a","n/a","http://www.nasdaq.com/symbol/gst^a"
"GST^B","Gastar Exploration Inc.","24.63","n/a","n/a","n/a","n/a","http://www.nasdaq.com/symbol/gst^b"
"GSV","Gold Standard Ventures Corporation","0.43","$61.39M","n/a","Basic Industries","Mining & Quarrying of Nonmetallic Minerals (No Fuels)","http://www.nasdaq.com/symbol/gsv"
"GTE","Gran Tierra Energy Inc.","2.69","$742.63M","n/a","Energy","Oil & Gas Production","http://www.nasdaq.com/symbol/gte"
"GTU","Central Gold Trust","41.32","$797.43M","n/a","n/a","n/a","http://www.nasdaq.com/symbol/gtu"
"GV","Goldfield Corporation (The)","2.5","$63.63M","n/a","Basic Industries","Water Supply","http://www.nasdaq.com/symbol/gv"
"GVP","GSE Systems, Inc.","1.57","$28.08M","n/a","Technology","Computer Software: Prepackaged Software","http://www.nasdaq.com/symbol/gvp"
"HCHC","HC2 Holdings, Inc.","8.2","$195.28M","n/a","Public Utilities","Telecommunications Equipment","http://www.nasdaq.com/symbol/hchc"
"HEB","Hemispherx BioPharma, Inc.","0.2597","$51.95M","n/a","Health Care","Biotechnology: Biological Products (No Diagnostic Substances)","http://www.nasdaq.com/symbol/heb"
"HH","Hooper Holmes, Inc.","0.56","$39.69M","n/a","Health Care","Hospital/Nursing Management","http://www.nasdaq.com/symbol/hh"
"HLM^","Hillman Group Capital Trust","31.88","n/a","n/a","n/a","n/a","http://www.nasdaq.com/symbol/hlm^"
"HMG","HMG/Courtland Properties, Inc.","11.53","$12.09M","n/a","Consumer Services","Real Estate Investment Trusts","http://www.nasdaq.com/symbol/hmg"
"HNW","Pioneer Diversified High Income Trust","17.61","$146.74M","2007","n/a","n/a","http://www.nasdaq.com/symbol/hnw"
"HRT","Arrhythmia Research Technology Inc.","7.48","$20.62M","n/a","Health Care","Biotechnology: Electromedical & Electrotherapeutic Apparatus","http://www.nasdaq.com/symbol/hrt"
"HTM","U.S. Geothermal Inc.","0.4925","$52.71M","n/a","Public Utilities","Electric Utilities: Central","http://www.nasdaq.com/symbol/htm"
"HUSA","Houston American Energy Corporation","0.205","$10.69M","n/a","Energy","Oil & Gas Production","http://www.nasdaq.com/symbol/husa"
"IAF","Aberdeen Australia Equity Fund Inc","7.47","$171.35M","n/a","n/a","n/a","http://www.nasdaq.com/symbol/iaf"
"IBIO","iBio, Inc.","0.84","$62.14M","n/a","Health Care","Major Pharmaceuticals","http://www.nasdaq.com/symbol/ibio"
"IBO","IBO (Listing Market - NYSE Amex Network B F)","153.82","n/a","n/a","n/a","n/a","http://www.nasdaq.com/symbol/ibo"
"IDI","Tiger Media, Inc.","1.27","$46.24M","n/a","Consumer Services","Advertising","http://www.nasdaq.com/symbol/idi"
"IDN","Intellicheck Mobilisa, Inc.","1.5","$14.69M","1999","Technology","Computer Software: Prepackaged Software","http://www.nasdaq.com/symbol/idn"
"IEC","IEC Electronics Corp.","4.22","$42.8M","n/a","Technology","Electrical Products","http://www.nasdaq.com/symbol/iec"
"IF","Aberdeen Indonesia Fund, Inc.","8.02","$76.07M","1990","n/a","n/a","http://www.nasdaq.com/symbol/if"
"IFMI","Institutional Financial Markets, Inc.","1.67","$25.31M","n/a","Finance","Investment Bankers/Brokers/Service","http://www.nasdaq.com/symbol/ifmi"
"IG","IGI Laboratories, Inc.","9.43","$497.79M","n/a","Health Care","Biotechnology: Biological Products (No Diagnostic Substances)","http://www.nasdaq.com/symbol/ig"
"IGC","India Globalization Capital Inc.","0.452","$6.8M","n/a","Basic Industries","Precious Metals","http://www.nasdaq.com/symbol/igc"
"IGC/WS","India Globalization Capital Inc.","0.01","n/a","n/a","n/a","n/a","http://www.nasdaq.com/symbol/igc/ws"
"IHT","InnSuites Hospitality Trust","2.9","$24.01M","n/a","Consumer Services","Real Estate Investment Trusts","http://www.nasdaq.com/symbol/iht"
"IMH","Impac Mortgage Holdings, Inc.","10.17","$97.51M","1997","Consumer Services","Real Estate Investment Trusts","http://www.nasdaq.com/symbol/imh"
"IMO","Imperial Oil Limited","37.88","$32.11B","n/a","Energy","Integrated oil Companies","http://www.nasdaq.com/symbol/imo"
"IMUC","ImmunoCellular Therapeutics, Ltd.","0.597","$38.57M","n/a","Health Care","Major Pharmaceuticals","http://www.nasdaq.com/symbol/imuc"
"INFU","InfuSystems Holdings, Inc.","2.47","$55.04M","n/a","Health Care","Medical/Dental Instruments","http://www.nasdaq.com/symbol/infu"
"INS","Intelligent Systems Corporation","2.21","$19.8M","1992","Capital Goods","Metal Fabrications","http://www.nasdaq.com/symbol/ins"
"INTT","inTest Corporation","4.06","$42.88M","1997","Capital Goods","Electrical Products","http://www.nasdaq.com/symbol/intt"
"INUV","Inuvo, Inc","1.4901","$36.05M","n/a","Consumer Services","Advertising","http://www.nasdaq.com/symbol/inuv"
"IOT","Income Opportunity Realty Investors, Inc.","6.72","$28.01M","n/a","Consumer Services","Real Estate Investment Trusts","http://www.nasdaq.com/symbol/iot"
"IPB","Merrill Lynch & Co., Inc.","27.38","n/a","n/a","Finance","Finance: Consumer Services","http://www.nasdaq.com/symbol/ipb"
"IRT","Independence Realty Trust, Inc.","9.42","$243.05M","2013","Consumer Services","Real Estate Investment Trusts","http://www.nasdaq.com/symbol/irt"
"ISDR","Issuer Direct Corporation","10","$20.87M","n/a","Miscellaneous","Publishing","http://www.nasdaq.com/symbol/isdr"
"ISL","Aberdeen Israel Fund, Inc.","17.14","$70.43M","1992","n/a","n/a","http://www.nasdaq.com/symbol/isl"
"ISR","IsoRay, Inc.","1.74","$95.5M","n/a","Health Care","Medical/Dental Instruments","http://www.nasdaq.com/symbol/isr"
"ITI","Iteris, Inc.","1.76","$57.29M","n/a","Consumer Durables","Telecommunications Equipment","http://www.nasdaq.com/symbol/iti"
"JOB","General Employment Enterprises, Inc.","0.96","$27.83M","n/a","Technology","Diversified Commercial Services","http://www.nasdaq.com/symbol/job"
"JRS","Nuveen Real Estate Fund","11.77","$340.06M","2001","n/a","n/a","http://www.nasdaq.com/symbol/jrs"
"KIQ","Kelso Technologies Inc","4.67","$211.3M","n/a","Capital Goods","Railroads","http://www.nasdaq.com/symbol/kiq"
"LAQ","Latin America Equity Fund, Inc. (The)","21.17","$157.69M","1991","n/a","n/a","http://www.nasdaq.com/symbol/laq"
"LBMH","Liberator Medical Holdings, Inc.","3.72","$197.78M","n/a","Health Care","Medical/Nursing Services","http://www.nasdaq.com/symbol/lbmh"
"LBY","Libbey, Inc.","36.71","$795.34M","1993","Capital Goods","Industrial Machinery/Components","http://www.nasdaq.com/symbol/lby"
"LEI","Lucas Energy, Inc.","0.2299","$8.05M","n/a","Energy","Oil & Gas Production","http://www.nasdaq.com/symbol/lei"
"LGL","LGL Group, Inc. (The)","4.12","$10.69M","n/a","Capital Goods","Industrial Machinery/Components","http://www.nasdaq.com/symbol/lgl"
"LGL/WS","LGL Group, Inc. (The)","0.008","n/a","n/a","n/a","n/a","http://www.nasdaq.com/symbol/lgl/ws"
"LIQT","LiqTech International, Inc.","0.99","$38.91M","n/a","Technology","Industrial Machinery/Components","http://www.nasdaq.com/symbol/liqt"
"LNG","Cheniere Energy, Inc.","78.41","$18.56B","n/a","Public Utilities","Oil/Gas Transmission","http://www.nasdaq.com/symbol/lng"
"LODE","Comstock Mining, Inc.","0.7501","$67.31M","n/a","Basic Industries","Precious Metals","http://www.nasdaq.com/symbol/lode"
"LOV","Spark Networks, Inc.","3.64","$88.57M","n/a","Miscellaneous","Business Services","http://www.nasdaq.com/symbol/lov"
"LSG","Lake Shore Gold Corp","0.88","$383.23M","n/a","Basic Industries","Precious Metals","http://www.nasdaq.com/symbol/lsg"
"LTS","Ladenburg Thalmann Financial Services Inc","3.83","$709.82M","n/a","Finance","Investment Bankers/Brokers/Service","http://www.nasdaq.com/symbol/lts"
"LTS^A","Ladenburg Thalmann Financial Services Inc","24.02","n/a","n/a","n/a","n/a","http://www.nasdaq.com/symbol/lts^a"
"MAB","Eaton Vance Massachusetts Municipal Bond Fund","14.7","$26M","2002","n/a","n/a","http://www.nasdaq.com/symbol/mab"
"MCF","Contango Oil & Gas Company","21.71","$415.87M","n/a","Energy","Oil & Gas Production","http://www.nasdaq.com/symbol/mcf"
"MCZ","Mad Catz Interactive Inc","0.4315","$27.83M","n/a","Consumer Non-Durables","Recreational Products/Toys","http://www.nasdaq.com/symbol/mcz"
"MDGN","Medgenics, Inc.","8.18","$203.21M","2011","Health Care","Biotechnology: Biological Products (No Diagnostic Substances)","http://www.nasdaq.com/symbol/mdgn"
"MDGN/WS","Medgenics, Inc.","2.95","n/a","n/a","n/a","n/a","http://www.nasdaq.com/symbol/mdgn/ws"
"MDW","Midway Gold Corporation","0.635","$112.11M","n/a","Basic Industries","Precious Metals","http://www.nasdaq.com/symbol/mdw"
"MEA","Metalico Inc","0.5642","$32.91M","n/a","Basic Industries","Metal Fabrications","http://www.nasdaq.com/symbol/mea"
"MGH","Minco Gold Corporation","0.235","$11.88M","n/a","Basic Industries","Precious Metals","http://www.nasdaq.com/symbol/mgh"
"MGN","Mines Management, Inc.","0.49","$14.61M","n/a","Basic Industries","Precious Metals","http://www.nasdaq.com/symbol/mgn"
"MGT","MGT Capital Investments Inc","0.7692","$8.11M","n/a","Miscellaneous","Multi-Sector Companies","http://www.nasdaq.com/symbol/mgt"
"MHE","BlackRock Massachusetts Tax-Exempt Trust","14.5148","$34.3M","1993","n/a","n/a","http://www.nasdaq.com/symbol/mhe"
"MHH","Mastech Holdings, Inc","9.21","$39.67M","n/a","Consumer Services","Professional Services","http://www.nasdaq.com/symbol/mhh"
"MHR^C","Magnum Hunter Resources Corporation","23.71","n/a","n/a","n/a","n/a","http://www.nasdaq.com/symbol/mhr^c"
"MHR^D","Magnum Hunter Resources Corporation","40.21","n/a","n/a","n/a","n/a","http://www.nasdaq.com/symbol/mhr^d"
"MHR^E","Magnum Hunter Resources Corporation","20.69","n/a","n/a","n/a","n/a","http://www.nasdaq.com/symbol/mhr^e"
"MIW","Eaton Vance Michigan Municipal Bond Fund","13.72","$20.77M","2002","n/a","n/a","http://www.nasdaq.com/symbol/miw"
"MMV","Eaton Vance Massachusetts Municipal Income Trust","13.8","$37.85M","1999","n/a","n/a","http://www.nasdaq.com/symbol/mmv"
"MOC","Command Security Corporation","2.02","$19.66M","n/a","Consumer Services","Diversified Commercial Services","http://www.nasdaq.com/symbol/moc"
"MSN","Emerson Radio Corporation","1.35","$36.63M","n/a","Consumer Non-Durables","Consumer Electronics/Appliances","http://www.nasdaq.com/symbol/msn"
"MSTX","Mast Therapeutics, Inc.","0.5512","$70.84M","n/a","Health Care","Major Pharmaceuticals","http://www.nasdaq.com/symbol/mstx"
"MVF","MuniVest Fund, Inc.","10.32","$660.3M","n/a","n/a","n/a","http://www.nasdaq.com/symbol/mvf"
"MVG","Mag Silver Corporation","6.79","$468.66M","n/a","Basic Industries","Precious Metals","http://www.nasdaq.com/symbol/mvg"
"MXC","Mexco Energy Corporation","4.7899","$9.76M","n/a","Energy","Oil & Gas Production","http://www.nasdaq.com/symbol/mxc"
"MZA","MuniYield Arizona Fund, Inc.","16.6","$76.15M","1993","n/a","n/a","http://www.nasdaq.com/symbol/mza"
"NAK","Northern Dynasty Minerals, Ltd.","0.4474","$42.51M","n/a","Basic Industries","Precious Metals","http://www.nasdaq.com/symbol/nak"
"NAVB","Navidea Biopharmaceuticals, Inc.","1.7","$256.26M","n/a","Health Care","Biotechnology: In Vitro & In Vivo Diagnostic Substances","http://www.nasdaq.com/symbol/navb"
"NBH","Neuberger Berman Intermediate Municipal Fund Inc.","15.67","$294.06M","2002","n/a","n/a","http://www.nasdaq.com/symbol/nbh"
"NBO","Neuberger Berman New York Intermediate Municipal Fund Inc.","14","$71.06M","2002","n/a","n/a","http://www.nasdaq.com/symbol/nbo"
"NBW","Neuberger Berman California Intermediate Municipal Fund Inc.","16","$88.61M","2002","n/a","n/a","http://www.nasdaq.com/symbol/nbw"
"NBY","NovaBay Pharmaceuticals, Inc.","0.5101","$26.33M","2007","Health Care","Major Pharmaceuticals","http://www.nasdaq.com/symbol/nby"
"NCB","Nuveen California Municipal Value Fund 2","17.1","$56.22M","n/a","n/a","n/a","http://www.nasdaq.com/symbol/ncb"
"NCQ","NovaCopper Inc.","0.695","$42.14M","n/a","Basic Industries","Precious Metals","http://www.nasdaq.com/symbol/ncq"
"NEN","New England Realty Associates Limited Partnership","49.75","$191.38M","n/a","Consumer Services","Building operators","http://www.nasdaq.com/symbol/nen"
"NG","Novagold Resources Inc.","3.45","$1.1B","n/a","Basic Industries","Precious Metals","http://www.nasdaq.com/symbol/ng"
"NGD","NEW GOLD INC.","3.71","$1.89B","n/a","Basic Industries","Precious Metals","http://www.nasdaq.com/symbol/ngd"
"NHC","National HealthCare Corporation","63.71","$899M","n/a","Health Care","Hospital/Nursing Management","http://www.nasdaq.com/symbol/nhc"
"NHC^A","National HealthCare Corporation","15.95","n/a","n/a","n/a","n/a","http://www.nasdaq.com/symbol/nhc^a"
"NHS","Neuberger Berman High Yield Strategies Fund","12.75","$249.14M","n/a","n/a","n/a","http://www.nasdaq.com/symbol/nhs"
"NJV","Nuveen New Jersey Municipal Value Fund","14.86","$23.03M","n/a","n/a","n/a","http://www.nasdaq.com/symbol/njv"
"NML","Neuberger Berman MLP Income Fund Inc.","19.12","$1.08B","2013","n/a","n/a","http://www.nasdaq.com/symbol/nml"
"NMZ","Nuveen Municipal High Income Opportunity Fund","13.86","$694M","2003","n/a","n/a","http://www.nasdaq.com/symbol/nmz"
"NNVC","NanoViricides, Inc.","2.82","$159.51M","n/a","Health Care","Biotechnology: Commercial Physical & Biological Resarch","http://www.nasdaq.com/symbol/nnvc"
"NOG","Northern Oil and Gas, Inc.","7.78","$475.09M","n/a","Energy","Oil & Gas Production","http://www.nasdaq.com/symbol/nog"
"NOM","Nuveen Missouri Premium Income Municipal Fund","15.42","$35.96M","1993","n/a","n/a","http://www.nasdaq.com/symbol/nom"
"NPN","Nuveen Pennsylvania Municipal Value Fund","15.35","$18.72M","2009","n/a","n/a","http://www.nasdaq.com/symbol/npn"
"NRO","Neuberger Berman Real Estate Securities Income Fund, Inc.","5.4","$301.25M","2003","n/a","n/a","http://www.nasdaq.com/symbol/nro"
"NSAT","Norsat International Inc.","5.09","$29.68M","n/a","Capital Goods","Industrial Machinery/Components","http://www.nasdaq.com/symbol/nsat"
"NSPR","InspireMD, Inc.","0.281","$11.91M","n/a","Health Care","Medical/Dental Instruments","http://www.nasdaq.com/symbol/nspr"
"NSU","Nevsun Resources Ltd","3.47","$692.81M","n/a","Basic Industries","Precious Metals","http://www.nasdaq.com/symbol/nsu"
"NTIP","Network-1 Technologies, Inc.","2.29","$56.05M","n/a","Technology","Computer Software: Prepackaged Software","http://www.nasdaq.com/symbol/ntip"
"NTN","NTN Buzztime, Inc.","0.53","$48.92M","n/a","Consumer Services","Broadcasting","http://www.nasdaq.com/symbol/ntn"
"NVG","Nuveen Dividend Advantage Municipal Income Fund","14.4146","$384.35M","2002","n/a","n/a","http://www.nasdaq.com/symbol/nvg"
"NVX","Nuveen California Dividend Advantage Municipal Fund 2","14.68","$216.67M","2001","n/a","n/a","http://www.nasdaq.com/symbol/nvx"
"NXK","Nuveen New York Dividend Advantage Municipal Fund 2","13.49","$87.46M","2001","n/a","n/a","http://www.nasdaq.com/symbol/nxk"
"NXZ","Nuveen Dividend Advantage Municipal Fund 2","14.25","$420.07M","2001","n/a","n/a","http://www.nasdaq.com/symbol/nxz"
"NYH","Eaton Vance New York Municipal Bond Fund II","12.24","$31.42M","2002","n/a","n/a","http://www.nasdaq.com/symbol/nyh"
"NYV","Nuveen New York Municipal Value Fund 2","15.28","$35.9M","2009","n/a","n/a","http://www.nasdaq.com/symbol/nyv"
"NZF","Nuveen Dividend Advantage Municipal Fund 3","14.08","$511.53M","2007","n/a","n/a","http://www.nasdaq.com/symbol/nzf"
"NZH","Nuveen California Dividend Advantage Municipal Fund 3","13.81","$333.54M","n/a","n/a","n/a","http://www.nasdaq.com/symbol/nzh"
"OESX","Orion Energy Systems, Inc.","3.52","$96.51M","2007","Consumer Durables","Building Products","http://www.nasdaq.com/symbol/oesx"
"OGEN","Oragenics, Inc.","1.09","$39.44M","n/a","Health Care","Major Pharmaceuticals","http://www.nasdaq.com/symbol/ogen"
"ONP","Orient Paper, Inc.","0.95","$19.3M","n/a","Consumer Durables","Containers/Packaging","http://www.nasdaq.com/symbol/onp"
"ONVO","Organovo Holdings, Inc.","5.72","$466.1M","n/a","Health Care","Biotechnology: Biological Products (No Diagnostic Substances)","http://www.nasdaq.com/symbol/onvo"
"ORM","Owens Realty Mortgage, Inc.","13.21","$142.25M","2013","Consumer Services","Real Estate Investment Trusts","http://www.nasdaq.com/symbol/orm"
"OSGB","Overseas Shipholding Group, Inc.","4.59","$140.21M","n/a","Transportation","Marine Transportation","http://www.nasdaq.com/symbol/osgb"
"PAL","North American Palladium, Ltd.","0.28","$109.11M","2000","Basic Industries","Precious Metals","http://www.nasdaq.com/symbol/pal"
"PARR","Par Petroleum Corporation","18.8","$691.85M","n/a","Energy","Oil & Gas Production","http://www.nasdaq.com/symbol/parr"
"PBM","Pacific Booker Minerals Inc","5.36","$66.27M","n/a","Basic Industries","Precious Metals","http://www.nasdaq.com/symbol/pbm"
"PCG^A","Pacific Gas & Electric Co.","30.2056","n/a","n/a","n/a","n/a","http://www.nasdaq.com/symbol/pcg^a"
"PCG^B","Pacific Gas & Electric Co.","28.25","n/a","n/a","n/a","n/a","http://www.nasdaq.com/symbol/pcg^b"
"PCG^C","Pacific Gas & Electric Co.","25.99","n/a","n/a","n/a","n/a","http://www.nasdaq.com/symbol/pcg^c"
"PCG^D","Pacific Gas & Electric Co.","24.831","n/a","n/a","n/a","n/a","http://www.nasdaq.com/symbol/pcg^d"
"PCG^E","Pacific Gas & Electric Co.","24.9","n/a","n/a","n/a","n/a","http://www.nasdaq.com/symbol/pcg^e"
"PCG^G","Pacific Gas & Electric Co.","24","n/a","n/a","n/a","n/a","http://www.nasdaq.com/symbol/pcg^g"
"PCG^H","Pacific Gas & Electric Co.","22.2501","n/a","n/a","n/a","n/a","http://www.nasdaq.com/symbol/pcg^h"
"PCG^I","Pacific Gas & Electric Co.","23.1001","n/a","n/a","n/a","n/a","http://www.nasdaq.com/symbol/pcg^i"
"PED","Pedevco Corp.","0.73","$24.18M","n/a","Energy","Oil & Gas Production","http://www.nasdaq.com/symbol/ped"
"PFNX","Pfenex Inc.","14.03","$285.89M","2014","Health Care","Major Pharmaceuticals","http://www.nasdaq.com/symbol/pfnx"
"PHF","Pacholder High Yield Fund, Inc.","7.76","$100.85M","n/a","n/a","n/a","http://www.nasdaq.com/symbol/phf"
"PIP","PharmAthene, Inc","1.77","$112.17M","n/a","Health Care","Major Pharmaceuticals","http://www.nasdaq.com/symbol/pip"
"PLG","Platinum Group Metals Ltd.","0.545","$419.07M","n/a","Basic Industries","Precious Metals","http://www.nasdaq.com/symbol/plg"
"PLM","Polymet Mining Corp.","1.0999","$303.96M","n/a","Basic Industries","Precious Metals","http://www.nasdaq.com/symbol/plm"
"PLX","Protalix BioTherapeutics, Inc.","1.86","$174.23M","n/a","Health Care","Biotechnology: Biological Products (No Diagnostic Substances)","http://www.nasdaq.com/symbol/plx"
"PRK","Park National Corporation","85.51","$1.31B","n/a","Finance","Major Banks","http://www.nasdaq.com/symbol/prk"
"PTN","Palatin Technologies, Inc.","1.05","$43.62M","n/a","Health Care","Major Pharmaceuticals","http://www.nasdaq.com/symbol/ptn"
"PVCT","Provectus Biopharmaceuticals, Inc.","0.8497","$153.2M","n/a","Health Care","Major Pharmaceuticals","http://www.nasdaq.com/symbol/pvct"
"PW","Power REIT","8.54","$14.79M","n/a","Consumer Services","Real Estate Investment Trusts","http://www.nasdaq.com/symbol/pw"
"PW^A","Power REIT","26.2","n/a","n/a","n/a","n/a","http://www.nasdaq.com/symbol/pw^a"
"PZG","Paramount Gold and Silver Corp.","1.18","$191.19M","n/a","Basic Industries","Precious Metals","http://www.nasdaq.com/symbol/pzg"
"RBY","Rubicon Minerals Corp","1.1","$407.59M","n/a","Basic Industries","Precious Metals","http://www.nasdaq.com/symbol/rby"
"RCG","RENN Fund, Inc.","1.23","$5.49M","n/a","n/a","n/a","http://www.nasdaq.com/symbol/rcg"
"REE","Rare Element Resources Ltd.","0.76","$36.26M","n/a","Basic Industries","Precious Metals","http://www.nasdaq.com/symbol/ree"
"REED","Reeds, Inc.","6.02","$78.63M","n/a","Consumer Non-Durables","Beverages (Production/Distribution)","http://www.nasdaq.com/symbol/reed"
"REI","Ring Energy, Inc.","9.27","$238.5M","n/a","Energy","Oil & Gas Production","http://www.nasdaq.com/symbol/rei"
"RIC","Richmont Mines, Inc.","3.26","$188.89M","n/a","Basic Industries","Precious Metals","http://www.nasdaq.com/symbol/ric"
"RIF","RMR Real Estate Income Fund.","21.28","$162.82M","n/a","n/a","n/a","http://www.nasdaq.com/symbol/rif"
"RLGT","Radiant Logistics, Inc.","4.73","$164.19M","n/a","Transportation","Oil Refining/Marketing","http://www.nasdaq.com/symbol/rlgt"
"RLGT^A","Radiant Logistics, Inc.","27.31","n/a","n/a","n/a","n/a","http://www.nasdaq.com/symbol/rlgt^a"
"RNN","Rexahn Pharmaceuticals, Inc.","0.77","$137.26M","n/a","Health Care","Major Pharmaceuticals","http://www.nasdaq.com/symbol/rnn"
"ROX","Castle Brands, Inc.","1.48","$232.27M","2006","Consumer Non-Durables","Beverages (Production/Distribution)","http://www.nasdaq.com/symbol/rox"
"RVM","Revett Mining Company, Inc.","0.42","$16.5M","n/a","Basic Industries","Precious Metals","http://www.nasdaq.com/symbol/rvm"
"RVP","Retractable Technologies, Inc.","4.07","$111.85M","n/a","Health Care","Medical/Dental Instruments","http://www.nasdaq.com/symbol/rvp"
"RWC","RELM Wireless Corporation","5.45","$74.47M","n/a","Technology","Radio And Television Broadcasting And Communications Equipment","http://www.nasdaq.com/symbol/rwc"
"SAND          ","Sandstorm Gold Ltd","3.14","$368.88M","n/a","Basic Industries","Precious Metals","http://www.nasdaq.com/symbol/sand          "
"SARA","Saratoga Resources Inc","0.2624","$8.13M","n/a","Energy","Oil & Gas Production","http://www.nasdaq.com/symbol/sara"
"SBI","Western Asset Intermediate Muni Fund Inc","10.03","$141.19M","1992","n/a","n/a","http://www.nasdaq.com/symbol/sbi"
"SCE^B","Southern California Edison Company","24.09","n/a","n/a","n/a","n/a","http://www.nasdaq.com/symbol/sce^b"
"SCE^C","Southern California Edison Company","23.4","n/a","n/a","n/a","n/a","http://www.nasdaq.com/symbol/sce^c"
"SCE^D","Southern California Edison Company","23.6799","n/a","n/a","n/a","n/a","http://www.nasdaq.com/symbol/sce^d"
"SCE^E","Southern California Edison Company","25.4","n/a","n/a","n/a","n/a","http://www.nasdaq.com/symbol/sce^e"
"SDPI","Superior Drilling Products, Inc.","3.1","$53.6M","2014","Energy","Metal Fabrications","http://www.nasdaq.com/symbol/sdpi"
"SEB","Seaboard Corporation","4048","$4.74B","1996","n/a","n/a","http://www.nasdaq.com/symbol/seb"
"SGA","Saga Communications, Inc.","39","$226.55M","n/a","Consumer Services","Broadcasting","http://www.nasdaq.com/symbol/sga"
"SGB","Southwest Georgia Financial Corporation","14.2","$36.18M","n/a","Finance","Major Banks","http://www.nasdaq.com/symbol/sgb"
"SIF","SIFCO Industries, Inc.","20.02","$108.73M","n/a","Capital Goods","Aerospace","http://www.nasdaq.com/symbol/sif"
"SIM","Grupo Simec, S.A. de C.V.","8.08","$1.34B","1993","Basic Industries","Steel/Iron Ore","http://www.nasdaq.com/symbol/sim"
"SKY","Skyline Corporation","3.5","$29.37M","n/a","Basic Industries","Homebuilding","http://www.nasdaq.com/symbol/sky"
"SLI","SL Industries, Inc.","38.75","$160.58M","n/a","Capital Goods","Industrial Machinery/Components","http://www.nasdaq.com/symbol/sli"
"SPP","Sanchez Production Partners LLC","1.6612","$47.83M","n/a","Energy","Oil & Gas Production","http://www.nasdaq.com/symbol/spp"
"SSN","Samson Oil & Gas Limited","0.2065","$29.3M","n/a","Energy","Oil & Gas Production","http://www.nasdaq.com/symbol/ssn"
"SSY","SunLink Health Systems, Inc.","1.42","$13.41M","n/a","Health Care","Hospital/Nursing Management","http://www.nasdaq.com/symbol/ssy"
"STRP","Straight Path Communications Inc.","19.4","$231.84M","2013","Public Utilities","Telecommunications Equipment","http://www.nasdaq.com/symbol/strp"
"STS","Supreme Industries, Inc.","8.34","$138.33M","n/a","Capital Goods","Construction/Ag Equipment/Trucks","http://www.nasdaq.com/symbol/sts"
"SVBL","Silver Bull Resources, Inc.","0.13","$20.68M","n/a","Basic Industries","Precious Metals","http://www.nasdaq.com/symbol/svbl"
"SVLC","SilverCrest Mines, Inc.","1.2","$142.5M","n/a","Basic Industries","Precious Metals","http://www.nasdaq.com/symbol/svlc"
"SVT","Servotronics, Inc.","6.255","$15.37M","n/a","Capital Goods","Industrial Machinery/Components","http://www.nasdaq.com/symbol/svt"
"SYN","Synthetic Biologics, Inc","2.35","$170.41M","n/a","Health Care","Major Pharmaceuticals","http://www.nasdaq.com/symbol/syn"
"SYRG","Synergy Resources Corporation","11.61","$1.21B","n/a","Energy","Oil & Gas Production","http://www.nasdaq.com/symbol/syrg"
"TAS","Tasman Metals Ltd","0.566","$37.44M","n/a","Basic Industries","Precious Metals","http://www.nasdaq.com/symbol/tas"
"TAT","Transatlantic Petroleum Ltd","4.88","$198.99M","n/a","Energy","Oil & Gas Production","http://www.nasdaq.com/symbol/tat"
"TGB","Taseko Mines Limited","0.83","$184.1M","n/a","Basic Industries","Precious Metals","http://www.nasdaq.com/symbol/tgb"
"TGC","Tengasco, Inc.","0.27","$16.43M","n/a","Energy","Oil & Gas Production","http://www.nasdaq.com/symbol/tgc"
"TGD","Timmons Gold Corp","0.8201","$147.52M","2011","Basic Industries","Precious Metals","http://www.nasdaq.com/symbol/tgd"
"THM","International Tower Hill Mines Ltd","0.39","$45.36M","n/a","Basic Industries","Precious Metals","http://www.nasdaq.com/symbol/thm"
"TIK","Tel-Instrument Electronics Corp.","4.4","$14.33M","n/a","Capital Goods","Electrical Products","http://www.nasdaq.com/symbol/tik"
"TIS","Orchids Paper Products Company","27.5","$240.84M","2005","Basic Industries","Paper","http://www.nasdaq.com/symbol/tis"
"TLR","Timberline Resources Corporation","0.6003","$5.94M","n/a","Basic Industries","Precious Metals","http://www.nasdaq.com/symbol/tlr"
"TMP","Tompkins Financial Corporation","52.2","$770.63M","n/a","Finance","Major Banks","http://www.nasdaq.com/symbol/tmp"
"TOF","Tofutti Brands Inc.","6.15","$31.7M","n/a","Consumer Non-Durables","Specialty Foods","http://www.nasdaq.com/symbol/tof"
"TPI","Tianyin Pharmaceutical Co., Inc.","0.59","$17.37M","n/a","Health Care","Major Pharmaceuticals","http://www.nasdaq.com/symbol/tpi"
"TPLM","Triangle Petroleum Corporation","5.24","$401.44M","n/a","Energy","Oil & Gas Production","http://www.nasdaq.com/symbol/tplm"
"TRC/WS","Tejon Ranch Co","0.93","n/a","n/a","n/a","n/a","http://www.nasdaq.com/symbol/trc/ws"
"TRT","Trio-Tech International","2.72","$9.56M","n/a","Technology","Industrial Machinery/Components","http://www.nasdaq.com/symbol/trt"
"TRX","Tanzanian Royalty Exploration Corporation","0.52","$52.9M","n/a","Basic Industries","Precious Metals","http://www.nasdaq.com/symbol/trx"
"TRXC","TransEnterix, Inc.","2.82","$178.73M","n/a","Health Care","Medical/Dental Instruments","http://www.nasdaq.com/symbol/trxc"
"TXMD","TherapeuticsMD, Inc.","5.21","$894.63M","n/a","Health Care","Major Pharmaceuticals","http://www.nasdaq.com/symbol/txmd"
"UAMY","United States Antimony Corporation","0.6299","$41.59M","n/a","Capital Goods","Metal Fabrications","http://www.nasdaq.com/symbol/uamy"
"UEC","Uranium Energy Corp.","1.5","$137.61M","n/a","Basic Industries","Precious Metals","http://www.nasdaq.com/symbol/uec"
"UQM","UQM TECHNOLOGIES INC","1.21","$48.95M","n/a","Capital Goods","Industrial Machinery/Components","http://www.nasdaq.com/symbol/uqm"
"URG","Ur Energy Inc","1.05","$136.09M","n/a","Basic Industries","Precious Metals","http://www.nasdaq.com/symbol/urg"
"URZ","Uranerz Energy Corporation","1.2","$115.1M","n/a","Basic Industries","Precious Metals","http://www.nasdaq.com/symbol/urz"
"UTG","Reaves Utility Income Fund","30.99","$899.15M","2004","n/a","n/a","http://www.nasdaq.com/symbol/utg"
"UUU","Universal Security Instruments, Inc.","5.35","$12.37M","n/a","Consumer Non-Durables","Electronic Components","http://www.nasdaq.com/symbol/uuu"
"UUUU","Energy Fuels Inc","4.87","$95.86M","n/a","Basic Industries","Mining & Quarrying of Nonmetallic Minerals (No Fuels)","http://www.nasdaq.com/symbol/uuuu"
"UWN","Nevada Gold & Casinos, Inc.","1.26","$20.44M","n/a","Consumer Services","Services-Misc. Amusement & Recreation","http://www.nasdaq.com/symbol/uwn"
"VCF","Delaware Investments Colorado Municipal Income Fund, Inc","14.71","$71.15M","1993","n/a","n/a","http://www.nasdaq.com/symbol/vcf"
"VFL","Delaware Investments Florida Insured Municipal Income Fund","13.2","$59.78M","1993","n/a","n/a","http://www.nasdaq.com/symbol/vfl"
"VGZ","Vista Gold Corporation","0.37","$30.48M","n/a","Basic Industries","Precious Metals","http://www.nasdaq.com/symbol/vgz"
"VHC","VirnetX Holding Corp","7.16","$372.3M","n/a","Miscellaneous","Multi-Sector Companies","http://www.nasdaq.com/symbol/vhc"
"VII","Vicon Industries, Inc.","1.35","$12.35M","n/a","Consumer Durables","Telecommunications Equipment","http://www.nasdaq.com/symbol/vii"
"VISI","Volt Information Sciences, Inc.","12.59","$264.11M","n/a","Technology","Professional Services","http://www.nasdaq.com/symbol/visi"
"VKI","Invesco Advantage Municipal Income Trust II","11.73","$520.59M","n/a","n/a","n/a","http://www.nasdaq.com/symbol/vki"
"VMM","Delaware Investments Minnesota Municipal Income Fund II, Inc.","13.9101","$160.04M","1993","n/a","n/a","http://www.nasdaq.com/symbol/vmm"
"VNRX","VolitionRX Limited","3.97","$68.15M","2015","Health Care","Biotechnology: In Vitro & In Vivo Diagnostic Substances","http://www.nasdaq.com/symbol/vnrx"
"VSR","Versar, Inc.","3.25","$31.88M","1986","Consumer Services","Military/Government/Technical","http://www.nasdaq.com/symbol/vsr"
"VTG","Vantage Drilling Company","0.3581","$110.22M","n/a","Energy","Oil & Gas Production","http://www.nasdaq.com/symbol/vtg"
"WGA","AG&E Holdings, Inc.","0.95","$11.14M","n/a","Technology","Radio And Television Broadcasting And Communications Equipment","http://www.nasdaq.com/symbol/wga"
"WRN","Western Copper and Gold Corporation","0.5399","$50.86M","2011","Basic Industries","Precious Metals","http://www.nasdaq.com/symbol/wrn"
"WTT","Wireless Telecom Group,  Inc.","3","$58.32M","n/a","Capital Goods","Electrical Products","http://www.nasdaq.com/symbol/wtt"
"WYY","WidePoint Corporation","1.47","$119.84M","n/a","Technology","EDP Services","http://www.nasdaq.com/symbol/wyy"
"XPL","Solitario Exploration & Royalty Corp","0.91","$35.72M","n/a","Basic Industries","Precious Metals","http://www.nasdaq.com/symbol/xpl"
"XRA","Exeter Resource Corporation","0.5005","$44.25M","n/a","Basic Industries","Mining & Quarrying of Nonmetallic Minerals (No Fuels)","http://www.nasdaq.com/symbol/xra"
"XXII","22nd Century Group, Inc","1.2","$77.2M","n/a","Consumer Non-Durables","Farming/Seeds/Milling","http://www.nasdaq.com/symbol/xxii"
"YUMA","Yuma Energy, Inc.","1.49","$102.61M","n/a","Energy","Oil & Gas Production","http://www.nasdaq.com/symbol/yuma"
"YUMA^A","Yuma Energy, Inc.","20.25","n/a","n/a","n/a","n/a","http://www.nasdaq.com/symbol/yuma^a"
"ZBB","ZBB Energy Corporation","0.5529","$21.6M","2007","Public Utilities","Electric Utilities: Central","http://www.nasdaq.com/symbol/zbb"
